[ {
  "id" : "a4044a9b-0c91-408c-be8f-8cfc9e103cef",
  "number" : 1,
  "flights" : [ ]
}, {
  "id" : "243c9057-6242-4b06-adf7-7f5601254a34",
  "number" : 2,
  "flights" : [ ]
}, {
  "id" : "cc54c6f3-17be-4f40-a518-91b39a383b22",
  "number" : 3,
  "flights" : [ ]
}, {
  "id" : "53233b0a-1c3f-4259-bdd1-e8b51bbc831d",
  "number" : 4,
  "flights" : [ ]
}, {
  "id" : "36dcaf96-5bfc-4479-a1fe-4d8038f5a0d0",
  "number" : 5,
  "flights" : [ ]
}, {
  "id" : "8572e4be-2954-403f-a381-2d2dd4f32465",
  "number" : 6,
  "flights" : [ ]
}, {
  "id" : "9388185a-b22e-45ab-bb07-de76e09cd55c",
  "number" : 7,
  "flights" : [ ]
}, {
  "id" : "1cc18555-26c6-4eeb-a43c-409353b88df1",
  "number" : 8,
  "flights" : [ ]
}, {
  "id" : "17a8b275-f8b2-44de-b352-63cd29a3782d",
  "number" : 9,
  "flights" : [ ]
}, {
  "id" : "648c0047-66f5-4955-85eb-9741fc34e7d1",
  "number" : 10,
  "flights" : [ ]
} ]