[ {
  "id" : "71ccf09a-1412-4daf-a82d-b1af6ac737ec",
  "name" : "Alex Pop",
  "designation" : "Software Engineer",
  "department" : "IT"
}, {
  "id" : "371829ba-0d31-4366-b0fc-492e60e8728d",
  "name" : "Maria Ionescu",
  "designation" : "HR Specialist",
  "department" : "Human Resources"
}, {
  "id" : "57b9d7cd-0c04-4593-9ae9-a97cf1aa382e",
  "name" : "Johann Müller",
  "designation" : "Security Officer",
  "department" : "Security"
}, {
  "id" : "fe8e4fd7-7864-44da-b815-4ebe50fcc45d",
  "name" : "Elena Georgescu",
  "designation" : "Flight Attendant",
  "department" : "Operations"
}, {
  "id" : "3d8af62d-9c96-4b61-9223-ad9f5bcfb796",
  "name" : "Sofia Pop",
  "designation" : "Finance Analyst",
  "department" : "Finance "
}, {
  "id" : "eb577ace-944a-42e1-9177-a6312f8cccb4",
  "name" : "Victor Radu",
  "designation" : "Pilot",
  "department" : "Flight Crew"
}, {
  "id" : "782f807b-d4f1-40a6-bfd7-da8e0743a8c7",
  "name" : "Anna Becker",
  "designation" : "Marketing Manager",
  "department" : "Marketing "
}, {
  "id" : "cbc9ab59-5c0b-40b5-8800-b2a8199b260a",
  "name" : "George Marinescu",
  "designation" : "Data Scientist",
  "department" : "Analytics"
}, {
  "id" : "40a50376-2919-4e76-8a39-9cd36860086d",
  "name" : "Laura Klein",
  "designation" : "Project Manager",
  "department" : "Administration"
}, {
  "id" : "0e6d93bc-b8db-4ac9-961d-f43cc3f07deb",
  "name" : "Maria Stoica",
  "designation" : "HR Specialist",
  "department" : "Human Resources"
} ]