[ {
  "id" : "41281ad9-5df7-44da-ae98-70e94b61c6b1",
  "flightId" : "f-100",
  "staffId" : "s-100"
}, {
  "id" : "af0832b4-75f5-461d-8965-ae026a1d661c",
  "flightId" : "f-103",
  "staffId" : "s-103"
}, {
  "id" : "05ada3e6-fd1c-4ce7-bed1-9662bc224649",
  "flightId" : "f-102",
  "staffId" : "s-102"
}, {
  "id" : "fc738071-3e18-4c5e-b90f-dee195d33824",
  "flightId" : "f-104",
  "staffId" : "s-104"
}, {
  "id" : "cdfb230c-6807-43cd-b7b6-ec9e6a4ebed6",
  "flightId" : "f-101",
  "staffId" : "s-101"
}, {
  "id" : "9f44d368-8b6f-41d4-88f7-20f6043bef78",
  "flightId" : "f-105",
  "staffId" : "s-105"
}, {
  "id" : "a2a10ea9-81e7-4c7a-a5dd-a3023e97dd6a",
  "flightId" : "f-106",
  "staffId" : "s-106"
}, {
  "id" : "23ef16f9-22c7-4191-87e1-e254dec23239",
  "flightId" : "f-107",
  "staffId" : "s-107"
}, {
  "id" : "1c9c302c-9ac3-442d-9395-298a77bb1286",
  "flightId" : "f-108",
  "staffId" : "s-108"
}, {
  "id" : "1bffc769-71dd-4406-8543-ee5842e5fac1",
  "flightId" : "f-109",
  "staffId" : "s-109"
}, {
  "id" : "033ab1f7-f4bf-4cb3-a654-714003b0457d",
  "flightId" : "f-110",
  "staffId" : "s-110"
} ]