[ {
  "id" : "5f8c34f2-18e2-4264-9082-3ea66c21e458",
  "date" : "2025-01-10",
  "flightsOfTheDay" : [ ]
}, {
  "id" : "5b37f610-ab4f-45af-8088-58b45484b17c",
  "date" : "2025-12-12",
  "flightsOfTheDay" : [ ]
}, {
  "id" : "7eb0a62d-f200-42ed-a501-12e684c6b270",
  "date" : "2025-11-30",
  "flightsOfTheDay" : [ ]
}, {
  "id" : "3b7e2f97-a8ba-4264-b087-09dcbd4fadde",
  "date" : "2025-12-31",
  "flightsOfTheDay" : [ ]
}, {
  "id" : "bbe06937-e7c4-4f08-a7f4-736740034a1b",
  "date" : "2025-10-30",
  "flightsOfTheDay" : [ ]
}, {
  "id" : "632da6ea-3140-46d9-94bc-0b203117d344",
  "date" : "2025-10-12",
  "flightsOfTheDay" : [ ]
}, {
  "id" : "ce86ecee-2805-48f2-a2cc-b9b3d3a9d957",
  "date" : "2025-10-29",
  "flightsOfTheDay" : [ ]
}, {
  "id" : "6fe4fdbb-21e9-4a94-806b-37ffddb1bfb7",
  "date" : "2025-12-23",
  "flightsOfTheDay" : [ ]
}, {
  "id" : "0712fca6-84c2-4c84-b250-32d0b3f07ac8",
  "date" : "2025-10-17",
  "flightsOfTheDay" : [ ]
}, {
  "id" : "67dd2ec5-2659-4b89-bdf3-ab220f69592a",
  "date" : "2025-12-25",
  "flightsOfTheDay" : [ ]
} ]