[ {
  "id" : "69d65b0c-0287-4948-a750-7e8b0b56cda0",
  "name" : "Andrei Popescu",
  "currency" : "EUR",
  "tickets" : [ ],
  "email" : "andrei.popescu@example.com",
  "vip" : true
}, {
  "id" : "e85e86f5-cd67-4c6a-9c87-ac9379702db5",
  "name" : "Maria Ionescu",
  "currency" : "RON",
  "tickets" : [ ],
  "email" : "maria.ionescu@example.com",
  "vip" : false
}, {
  "id" : "ba026da1-04ae-412a-9817-d3aec2595313",
  "name" : "Johann Müller",
  "currency" : "EUR",
  "tickets" : [ ],
  "email" : "johann.mueller@example.com",
  "vip" : true
}, {
  "id" : "2c3a91fb-d445-4f96-b573-01e3378826eb",
  "name" : "Elena Georgescu",
  "currency" : "GBP",
  "tickets" : [ ],
  "email" : "elena.georgescu@example.com",
  "vip" : false
}, {
  "id" : "6ff0d3f6-b328-4710-9a7f-259e5c5807cb",
  "name" : "Michael Schmidt",
  "currency" : "USD",
  "tickets" : [ ],
  "email" : "michael.schmidt@example.com",
  "vip" : false
}, {
  "id" : "e9a0b7dc-4b37-4336-b8c1-613123f3194c",
  "name" : "Victor Radu",
  "currency" : "RON",
  "tickets" : [ ],
  "email" : "victor.radu@example.com",
  "vip" : false
}, {
  "id" : "9b92a9ac-cbd0-439b-ade5-a56a2a3c3c95",
  "name" : "Anna Becker",
  "currency" : "GBP",
  "tickets" : [ ],
  "email" : "anna.becker@example.com",
  "vip" : false
}, {
  "id" : "6a68770e-0451-4cf2-8f5b-42064fde013f",
  "name" : "George Marinescu",
  "currency" : "USD",
  "tickets" : [ ],
  "email" : "george.marinescu@example.com",
  "vip" : true
}, {
  "id" : "24c02233-2455-4f1f-9c04-2da04e9f4186",
  "name" : "Laura Klein",
  "currency" : "EUR",
  "tickets" : [ ],
  "email" : "laura.klein@example.com",
  "vip" : true
}, {
  "id" : "ab306f9a-6235-4542-ae4d-37523026f16a",
  "name" : "Ana Pop",
  "currency" : "RON",
  "tickets" : [ ],
  "email" : "ana.pop@example.com",
  "vip" : false
} ]