[ {
  "id" : "6f0bff83-4ff8-42b0-9927-d3bc7d0a7596",
  "passengerId" : "p-001",
  "flightId" : "f-101",
  "price" : 250.0,
  "seatNumber" : "12A",
  "luggages" : [ ]
}, {
  "id" : "6268b497-5c4b-4d2b-99fa-ca98335ccb48",
  "passengerId" : "p-002",
  "flightId" : "f-102",
  "price" : 340.0,
  "seatNumber" : "4B",
  "luggages" : [ ]
}, {
  "id" : "22a05396-227b-4511-afa1-007f970818e6",
  "passengerId" : "p-003",
  "flightId" : "f-103",
  "price" : 125.0,
  "seatNumber" : "32B",
  "luggages" : [ ]
}, {
  "id" : "74f6f000-15e2-47d7-bb9d-1a2f2610bd87",
  "passengerId" : "p-004",
  "flightId" : "f-104",
  "price" : 567.0,
  "seatNumber" : "6C",
  "luggages" : [ ]
}, {
  "id" : "3da78945-b0a9-4422-8bfa-99d91a8ceb68",
  "passengerId" : "p-005",
  "flightId" : "f-105",
  "price" : 670.0,
  "seatNumber" : "15D",
  "luggages" : [ ]
}, {
  "id" : "deb35294-c3f8-4a8a-bef8-0669184a12a5",
  "passengerId" : "p-006",
  "flightId" : "f-106",
  "price" : 450.0,
  "seatNumber" : "4E",
  "luggages" : [ ]
}, {
  "id" : "c2d150d7-8304-47b8-89d7-11fc816b861c",
  "passengerId" : "p-007",
  "flightId" : "f-107",
  "price" : 670.0,
  "seatNumber" : "30A",
  "luggages" : [ ]
}, {
  "id" : "59895810-d8d6-4e92-ad9e-bab3a1e5f2b4",
  "passengerId" : "p-008",
  "flightId" : "f-108",
  "price" : 230.0,
  "seatNumber" : "23C",
  "luggages" : [ ]
}, {
  "id" : "a99620c1-2e62-4c4d-9ce3-3cd494bf8bb6",
  "passengerId" : "p-009",
  "flightId" : "f-109",
  "price" : 75.0,
  "seatNumber" : "1A",
  "luggages" : [ ]
}, {
  "id" : "63eda0ec-d0c6-4d9c-9e3b-935bdf620735",
  "passengerId" : "p-010",
  "flightId" : "f-110",
  "price" : 1000.0,
  "seatNumber" : "7F",
  "luggages" : [ ]
} ]